Date,Market,Result,Pip,Trend,Price 13:00,Price 16:00,Open Price
01-07-2015,XAUUSD,Loss,-122,Uptrend,,,
01-09-2015,XAUUSD,Loss,-171,Uptrend,,,
01-13-2015,XAUUSD,Loss,-96,Uptrend,,,
01-13-2015,XAUUSD,Loss,-147,Uptrend,,,
01-15-2015,XAUUSD,Profit,78,Uptrend,,,
01-16-2015,XAUUSD,Profit,268,Uptrend,,,
01-23-2015,XAUUSD,Loss,-42,Uptrend,,,
01-28-2015,XAUUSD,Loss,-173,Uptrend,,,
01-28-2015,XAUUSD,Loss,-172,Uptrend,,,
02-09-2015,XAUUSD,Loss,-140,Uptrend,,,
02-16-2015,XAUUSD,Loss,-62,Uptrend,,,
02-16-2015,XAUUSD,Loss,-75,Uptrend,,,
02-16-2015,XAUUSD,Profit,77,Uptrend,,,
03-19-2015,XAUUSD,Loss,-38,Uptrend,,,
03-19-2015,XAUUSD,Loss,-191,Uptrend,,,
03-20-2015,XAUUSD,Profit,806,Uptrend,,,
03-20-2015,XAUUSD,Profit,158,Uptrend,,,
03-23-2015,XAUUSD,Loss,-118,Uptrend,,,
03-24-2015,XAUUSD,Profit,3,Uptrend,,,
03-26-2015,XAUUSD,Loss,-160,Uptrend,,,
03-27-2015,XAUUSD,Loss,-226,Uptrend,,,
03-27-2015,XAUUSD,Loss,-83,Uptrend,,,
04-02-2015,XAUUSD,Loss,-67,Uptrend,,,
04-02-2015,XAUUSD,Profit,73,Uptrend,,,
04-06-2015,XAUUSD,Loss,-121,Uptrend,,,
04-10-2015,XAUUSD,Loss,-134,Uptrend,,,
04-17-2015,XAUUSD,Profit,127,Uptrend,,,
04-21-2015,XAUUSD,Loss,-54,Uptrend,,,
04-22-2015,XAUUSD,Loss,-130,Uptrend,,,
04-27-2015,XAUUSD,Loss,-152,Uptrend,,,
04-27-2015,XAUUSD,Profit,1488,Uptrend,,,
04-29-2015,XAUUSD,Loss,-150,Uptrend,,,
05-04-2015,XAUUSD,Profit,53,Uptrend,,,
05-04-2015,XAUUSD,Profit,4,Uptrend,,,
05-05-2015,XAUUSD,Loss,-193,Uptrend,,,
05-05-2015,XAUUSD,Loss,-121,Uptrend,,,
05-12-2015,XAUUSD,Loss,-185,Uptrend,,,
05-13-2015,XAUUSD,Loss,-28,Uptrend,,,
05-18-2015,XAUUSD,Profit,151,Uptrend,,,
05-22-2015,XAUUSD,Loss,-140,Uptrend,,,
06-03-2015,XAUUSD,Loss,-189,Uptrend,,,
06-09-2015,XAUUSD,Loss,-99,Uptrend,,,
06-15-2015,XAUUSD,Profit,71,Uptrend,,,
06-15-2015,XAUUSD,Profit,539,Uptrend,,,
06-18-2015,XAUUSD,Profit,56,Uptrend,,,
06-19-2015,XAUUSD,Profit,120,Uptrend,,,
07-23-2015,XAUUSD,Loss,-46,Uptrend,,,
08-04-2015,XAUUSD,Loss,-117,Uptrend,,,
08-04-2015,XAUUSD,Loss,-40,Uptrend,,,
08-07-2015,XAUUSD,Profit,956,Uptrend,,,
08-12-2015,XAUUSD,Loss,-175,Uptrend,,,
08-17-2015,XAUUSD,Loss,-130,Uptrend,,,
08-17-2015,XAUUSD,Loss,-21,Uptrend,,,
08-18-2015,XAUUSD,Profit,262,Uptrend,,,
08-19-2015,XAUUSD,Profit,173,Uptrend,,,
09-02-2015,XAUUSD,Loss,-6,Uptrend,,,
09-08-2015,XAUUSD,Loss,-98,Uptrend,,,
09-17-2015,XAUUSD,Profit,9,Uptrend,,,
10-07-2015,XAUUSD,Loss,-219,Uptrend,,,
10-07-2015,XAUUSD,Profit,198,Uptrend,,,
10-09-2015,XAUUSD,Profit,346,Uptrend,,,
10-12-2015,XAUUSD,Loss,-233,Uptrend,,,
10-14-2015,XAUUSD,Profit,186,Uptrend,,,
10-15-2015,XAUUSD,Loss,-67,Uptrend,,,
10-15-2015,XAUUSD,Loss,-274,Uptrend,,,
10-21-2015,XAUUSD,Loss,-62,Uptrend,,,
10-26-2015,XAUUSD,Loss,-213,Uptrend,,,
10-26-2015,XAUUSD,Loss,-213,Uptrend,,,
10-27-2015,XAUUSD,Loss,0,Uptrend,,,
11-09-2015,XAUUSD,Loss,-55,Uptrend,,,
11-13-2015,XAUUSD,Loss,-397,Uptrend,,,
11-13-2015,XAUUSD,Loss,-45,Uptrend,,,
11-20-2015,XAUUSD,Loss,-1,Uptrend,,,
12-01-2015,XAUUSD,Loss,-117,Uptrend,,,
12-04-2015,XAUUSD,Profit,1609,Uptrend,,,
12-09-2015,XAUUSD,Loss,-170,Uptrend,,,
12-21-2015,XAUUSD,Profit,582,Uptrend,,,
12-22-2015,XAUUSD,Loss,-38,Uptrend,,,
12-22-2015,XAUUSD,Loss,-104,Uptrend,,,
01-04-2016,XAUUSD,Profit,443,Uptrend,,,
01-05-2016,XAUUSD,Loss,-232,Uptrend,,,
01-05-2016,XAUUSD,Loss,-160,Uptrend,,,
01-06-2016,XAUUSD,Profit,200,Uptrend,,,
01-21-2016,XAUUSD,Loss,-242,Uptrend,,,
01-25-2016,XAUUSD,Profit,82,Uptrend,,,
01-27-2016,XAUUSD,Loss,-111,Uptrend,,,
01-28-2016,XAUUSD,Loss,-21,Uptrend,,,
02-01-2016,XAUUSD,Profit,293,Uptrend,,,
02-02-2016,XAUUSD,Profit,129,Uptrend,,,
02-03-2016,XAUUSD,Loss,-185,Uptrend,,,
02-03-2016,XAUUSD,Profit,676,Uptrend,,,
02-04-2016,XAUUSD,Loss,-220,Uptrend,,,
02-08-2016,XAUUSD,Profit,482,Uptrend,,,
02-08-2016,XAUUSD,Profit,265,Uptrend,,,
02-09-2016,XAUUSD,Loss,-54,Uptrend,,,
02-09-2016,XAUUSD,Profit,148,Uptrend,,,
02-11-2016,XAUUSD,Loss,-225,Uptrend,,,
02-11-2016,XAUUSD,Profit,127,Uptrend,,,
02-11-2016,XAUUSD,Profit,1470,Uptrend,,,
02-16-2016,XAUUSD,Profit,240,Uptrend,,,
02-19-2016,XAUUSD,Loss,-156,Uptrend,,,
02-19-2016,XAUUSD,Profit,89,Uptrend,,,
02-23-2016,XAUUSD,Loss,-325,Uptrend,,,
02-24-2016,XAUUSD,Profit,1146,Uptrend,,,
02-29-2016,XAUUSD,Profit,215,Uptrend,,,
03-01-2016,XAUUSD,Loss,-116,Uptrend,,,
03-03-2016,XAUUSD,Loss,-163,Uptrend,,,
03-07-2016,XAUUSD,Loss,-278,Uptrend,,,
03-08-2016,XAUUSD,Loss,-192,Uptrend,,,
03-17-2016,XAUUSD,Loss,-324,Uptrend,,,
03-17-2016,XAUUSD,Loss,-200,Uptrend,,,
03-22-2016,XAUUSD,Loss,-109,Uptrend,,,
03-29-2016,XAUUSD,Profit,100,Uptrend,,,
03-31-2016,XAUUSD,Loss,-189,Uptrend,,,
03-31-2016,XAUUSD,Loss,-138,Uptrend,,,
04-07-2016,XAUUSD,Profit,69,Uptrend,,,
04-07-2016,XAUUSD,Loss,-174,Uptrend,,,
04-08-2016,XAUUSD,Profit,42,Uptrend,,,
04-11-2016,XAUUSD,Profit,165,Uptrend,,,
04-12-2016,XAUUSD,Loss,-226,Uptrend,,,
04-12-2016,XAUUSD,Profit,91,Uptrend,,,
04-19-2016,XAUUSD,Loss,-72,Uptrend,,,
04-20-2016,XAUUSD,Loss,-251,Uptrend,,,
04-21-2016,XAUUSD,Loss,-199,Uptrend,,,
04-27-2016,XAUUSD,Profit,94,Uptrend,,,
04-29-2016,XAUUSD,Profit,464,Uptrend,,,
05-02-2016,XAUUSD,Loss,-227,Uptrend,,,
05-03-2016,XAUUSD,Loss,-79,Uptrend,,,
05-11-2016,XAUUSD,Loss,-178,Uptrend,,,
05-13-2016,XAUUSD,Loss,-281,Uptrend,,,
05-13-2016,XAUUSD,Profit,29,Uptrend,,,
05-31-2016,XAUUSD,Profit,104,Uptrend,,,
06-06-2016,XAUUSD,Profit,106,Uptrend,,,
06-08-2016,XAUUSD,Profit,4,Uptrend,,,
06-09-2016,XAUUSD,Profit,90,Uptrend,,,
06-13-2016,XAUUSD,Loss,-338,Uptrend,,,
06-13-2016,XAUUSD,Profit,94,Uptrend,,,
06-29-2016,XAUUSD,Loss,-66,Uptrend,,,
07-01-2016,XAUUSD,Profit,94,Uptrend,,,
07-01-2016,XAUUSD,Loss,-163,Uptrend,,,
07-04-2016,XAUUSD,Loss,-161,Uptrend,,,
07-05-2016,XAUUSD,Profit,673,Uptrend,,,
07-06-2016,XAUUSD,Profit,30,Uptrend,,,
07-07-2016,XAUUSD,Profit,666,Uptrend,,,
07-19-2016,XAUUSD,Profit,76,Uptrend,,,
07-27-2016,XAUUSD,Loss,-48,Uptrend,,,
08-02-2016,XAUUSD,Profit,203,Uptrend,,,
08-04-2016,XAUUSD,Loss,-207,Uptrend,,,
08-04-2016,XAUUSD,Loss,-80,Uptrend,,,
08-10-2016,XAUUSD,Loss,-44,Uptrend,,,
08-18-2016,XAUUSD,Loss,-247,Uptrend,,,
08-23-2016,XAUUSD,Loss,-93,Uptrend,,,
08-26-2016,XAUUSD,Loss,-143,Uptrend,,,
09-05-2016,XAUUSD,Profit,95,Uptrend,,,
09-06-2016,XAUUSD,Loss,-136,Uptrend,,,
09-06-2016,XAUUSD,Profit,1145,Uptrend,,,
09-07-2016,XAUUSD,Loss,-100,Uptrend,,,
09-08-2016,XAUUSD,Loss,-178,Uptrend,,,
09-19-2016,XAUUSD,Loss,-13,Uptrend,,,
09-20-2016,XAUUSD,Loss,-72,Uptrend,,,
09-21-2016,XAUUSD,Profit,6,Uptrend,,,
09-23-2016,XAUUSD,Loss,-40,Uptrend,,,
09-23-2016,XAUUSD,Loss,-40,Uptrend,,,
09-30-2016,XAUUSD,Loss,-146,Uptrend,,,
10-03-2016,XAUUSD,Loss,-120,Uptrend,,,
10-13-2016,XAUUSD,Loss,-59,Uptrend,,,
10-18-2016,XAUUSD,Profit,255,Uptrend,,,
10-19-2016,XAUUSD,Profit,143,Uptrend,,,
10-25-2016,XAUUSD,Profit,250,Uptrend,,,
10-27-2016,XAUUSD,Profit,29,Uptrend,,,
11-01-2016,XAUUSD,Loss,-155,Uptrend,,,
11-02-2016,XAUUSD,Profit,221,Uptrend,,,
11-02-2016,XAUUSD,Profit,95,Uptrend,,,
11-09-2016,XAUUSD,Loss,-351,Uptrend,,,
11-17-2016,XAUUSD,Loss,-74,Uptrend,,,
11-21-2016,XAUUSD,Loss,-139,Uptrend,,,
11-22-2016,XAUUSD,Loss,-124,Uptrend,,,
11-28-2016,XAUUSD,Loss,-142,Uptrend,,,
11-28-2016,XAUUSD,Loss,-156,Uptrend,,,
11-28-2016,XAUUSD,Loss,-142,Uptrend,,,
12-07-2016,XAUUSD,Profit,394,Uptrend,,,
12-08-2016,XAUUSD,Loss,-132,Uptrend,,,
12-14-2016,XAUUSD,Loss,-11,Uptrend,,,
12-19-2016,XAUUSD,Loss,-132,Uptrend,,,
12-19-2016,XAUUSD,Loss,-109,Uptrend,,,
12-23-2016,XAUUSD,Profit,160,Uptrend,,,
12-27-2016,XAUUSD,Loss,-78,Uptrend,,,
12-28-2016,XAUUSD,Loss,-69,Uptrend,,,
12-29-2016,XAUUSD,Loss,-47,Uptrend,,,
12-29-2016,XAUUSD,Profit,952,Uptrend,,,
12-30-2016,XAUUSD,Profit,139,Uptrend,,,
01-10-2017,XAUUSD,Profit,479,Uptrend,,,
01-10-2017,XAUUSD,Loss,-178,Uptrend,,,
01-11-2017,XAUUSD,Profit,333,Uptrend,,,
01-17-2017,XAUUSD,Loss,-109,Uptrend,,,
01-17-2017,XAUUSD,Loss,-48,Uptrend,,,
01-23-2017,XAUUSD,Loss,-115,Uptrend,,,
01-31-2017,XAUUSD,Profit,696,Uptrend,,,
02-01-2017,XAUUSD,Loss,-67,Uptrend,,,
02-01-2017,XAUUSD,Profit,247,Uptrend,,,
02-02-2017,XAUUSD,Profit,39,Uptrend,,,
02-06-2017,XAUUSD,Profit,2,Uptrend,,,
02-07-2017,XAUUSD,Profit,71,Uptrend,,,
02-08-2017,XAUUSD,Profit,218,Uptrend,,,
02-09-2017,XAUUSD,Profit,152,Uptrend,,,
02-16-2017,XAUUSD,Loss,-117,Uptrend,,,
02-16-2017,XAUUSD,Loss,-46,Uptrend,,,
02-17-2017,XAUUSD,Loss,-70,Uptrend,,,
02-17-2017,XAUUSD,Loss,-159,Uptrend,,,
02-20-2017,XAUUSD,Loss,-18,Uptrend,,,
02-23-2017,XAUUSD,Loss,-79,Uptrend,,,
02-23-2017,XAUUSD,Profit,17,Uptrend,,,
02-24-2017,XAUUSD,Loss,-6,Uptrend,,,
02-24-2017,XAUUSD,Profit,32,Uptrend,,,
03-14-2017,XAUUSD,Profit,157,Uptrend,,,
03-16-2017,XAUUSD,Loss,-106,Uptrend,,,
03-16-2017,XAUUSD,Loss,-138,Uptrend,,,
03-16-2017,XAUUSD,Loss,0,Uptrend,,,
03-17-2017,XAUUSD,Loss,-86,Uptrend,,,
03-17-2017,XAUUSD,Loss,-38,Uptrend,,,
03-20-2017,XAUUSD,Profit,76,Uptrend,,,
03-21-2017,XAUUSD,Profit,401,Uptrend,,,
03-22-2017,XAUUSD,Loss,-5,Uptrend,,,
03-23-2017,XAUUSD,Loss,-122,Uptrend,,,
03-23-2017,XAUUSD,Loss,-166,Uptrend,,,
03-23-2017,XAUUSD,Loss,-137,Uptrend,,,
03-24-2017,XAUUSD,Profit,124,Uptrend,,,
03-27-2017,XAUUSD,Loss,-87,Uptrend,,,
03-28-2017,XAUUSD,Loss,-107,Uptrend,,,
03-28-2017,XAUUSD,Loss,-77,Uptrend,,,
03-28-2017,XAUUSD,Loss,-110,Uptrend,,,
03-29-2017,XAUUSD,Loss,-98,Uptrend,,,
03-29-2017,XAUUSD,Loss,-90,Uptrend,,,
04-04-2017,XAUUSD,Loss,-72,Uptrend,,,
04-04-2017,XAUUSD,Loss,-88,Uptrend,,,
04-07-2017,XAUUSD,Profit,3,Uptrend,,,
04-07-2017,XAUUSD,Loss,-77,Uptrend,,,
04-12-2017,XAUUSD,Loss,-160,Uptrend,,,
04-12-2017,XAUUSD,Loss,-120,Uptrend,,,
04-13-2017,XAUUSD,Profit,43,Uptrend,,,
04-21-2017,XAUUSD,Loss,-86,Uptrend,,,
04-21-2017,XAUUSD,Profit,184,Uptrend,,,
04-28-2017,XAUUSD,Loss,-38,Uptrend,,,
05-12-2017,XAUUSD,Loss,-93,Uptrend,,,
05-15-2017,XAUUSD,Loss,-38,Uptrend,,,
05-16-2017,XAUUSD,Profit,188,Uptrend,,,
05-19-2017,XAUUSD,Loss,-16,Uptrend,,,
05-25-2017,XAUUSD,Profit,62,Uptrend,,,
05-29-2017,XAUUSD,Loss,-23,Uptrend,,,
05-31-2017,XAUUSD,Profit,88,Uptrend,,,
06-01-2017,XAUUSD,Loss,-20,Uptrend,,,
06-01-2017,XAUUSD,Loss,-117,Uptrend,,,
06-05-2017,XAUUSD,Loss,-72,Uptrend,,,
06-06-2017,XAUUSD,Profit,128,Uptrend,,,
06-07-2017,XAUUSD,Profit,77,Uptrend,,,
06-12-2017,XAUUSD,Loss,-3,Uptrend,,,
06-12-2017,XAUUSD,Loss,-143,Uptrend,,,
06-12-2017,XAUUSD,Profit,6,Uptrend,,,
06-23-2017,XAUUSD,Loss,-37,Uptrend,,,
07-10-2017,XAUUSD,Profit,74,Uptrend,,,
07-12-2017,XAUUSD,Loss,-47,Uptrend,,,
07-13-2017,XAUUSD,Loss,-93,Uptrend,,,
07-17-2017,XAUUSD,Loss,-62,Uptrend,,,
07-17-2017,XAUUSD,Loss,-134,Uptrend,,,
07-18-2017,XAUUSD,Profit,18,Uptrend,,,
07-19-2017,XAUUSD,Profit,3,Uptrend,,,
07-21-2017,XAUUSD,Loss,-41,Uptrend,,,
07-24-2017,XAUUSD,Profit,0,Uptrend,,,
07-24-2017,XAUUSD,Loss,-21,Uptrend,,,
07-28-2017,XAUUSD,Profit,402,Uptrend,,,
08-03-2017,XAUUSD,Loss,-59,Uptrend,,,
08-04-2017,XAUUSD,Loss,-89,Uptrend,,,
08-09-2017,XAUUSD,Profit,10,Uptrend,,,
08-17-2017,XAUUSD,Loss,-138,Uptrend,,,
08-17-2017,XAUUSD,Loss,-71,Uptrend,,,
08-17-2017,XAUUSD,Profit,49,Uptrend,,,
08-18-2017,XAUUSD,Loss,-165,Uptrend,,,
08-21-2017,XAUUSD,Loss,-152,Uptrend,,,
08-23-2017,XAUUSD,Loss,-101,Uptrend,,,
08-30-2017,XAUUSD,Loss,-102,Uptrend,,,
09-01-2017,XAUUSD,Profit,69,Uptrend,,,
09-04-2017,XAUUSD,Loss,-112,Uptrend,,,
09-06-2017,XAUUSD,Profit,19,Uptrend,,,
09-20-2017,XAUUSD,Loss,-88,Uptrend,,,
09-20-2017,XAUUSD,Profit,45,Uptrend,,,
10-04-2017,XAUUSD,Loss,-13,Uptrend,,,
10-05-2017,XAUUSD,Loss,-164,Uptrend,,,
10-09-2017,XAUUSD,Profit,13,Uptrend,,,
10-09-2017,XAUUSD,Loss,-20,Uptrend,,,
10-11-2017,XAUUSD,Loss,-93,Uptrend,,,
10-12-2017,XAUUSD,Loss,-68,Uptrend,,,
10-12-2017,XAUUSD,Profit,43,Uptrend,,,
10-16-2017,XAUUSD,Loss,-74,Uptrend,,,
10-19-2017,XAUUSD,Loss,-70,Uptrend,,,
11-09-2017,XAUUSD,Loss,-134,Uptrend,,,
11-09-2017,XAUUSD,Loss,-103,Uptrend,,,
11-15-2017,XAUUSD,Loss,-197,Uptrend,,,
11-17-2017,XAUUSD,Loss,-69,Uptrend,,,
11-17-2017,XAUUSD,Profit,798,Uptrend,,,
11-28-2017,XAUUSD,Loss,-79,Uptrend,,,
11-28-2017,XAUUSD,Loss,-77,Uptrend,,,
12-11-2017,XAUUSD,Loss,-132,Uptrend,,,
12-14-2017,XAUUSD,Loss,-99,Uptrend,,,
12-18-2017,XAUUSD,Profit,361,Uptrend,,,
12-19-2017,XAUUSD,Loss,-116,Uptrend,,,
12-20-2017,XAUUSD,Loss,-68,Uptrend,,,
12-21-2017,XAUUSD,Loss,-16,Uptrend,,,
12-21-2017,XAUUSD,Loss,-76,Uptrend,,,
12-27-2017,XAUUSD,Loss,-54,Uptrend,,,
12-28-2017,XAUUSD,Loss,-20,Uptrend,,,
12-28-2017,XAUUSD,Profit,78,Uptrend,,,
12-29-2017,XAUUSD,Profit,179,Uptrend,,,
12-29-2017,XAUUSD,Profit,168,Uptrend,,,
12-29-2017,XAUUSD,Loss,-41,Uptrend,,,
01-02-2018,XAUUSD,Profit,28,Uptrend,,,
01-03-2018,XAUUSD,Loss,-63,Uptrend,,,
01-05-2018,XAUUSD,Loss,-120,Uptrend,,,
01-05-2018,XAUUSD,Loss,-277,Uptrend,,,
01-05-2018,XAUUSD,Loss,-67,Uptrend,,,
01-08-2018,XAUUSD,Loss,-39,Uptrend,,,
01-08-2018,XAUUSD,Loss,-129,Uptrend,,,
01-10-2018,XAUUSD,Loss,-138,Uptrend,,,
01-10-2018,XAUUSD,Loss,-100,Uptrend,,,
01-10-2018,XAUUSD,Loss,-131,Uptrend,,,
01-12-2018,XAUUSD,Loss,-182,Uptrend,,,
01-12-2018,XAUUSD,Profit,166,Uptrend,,,
01-19-2018,XAUUSD,Loss,-131,Uptrend,,,
01-22-2018,XAUUSD,Profit,83,Uptrend,,,
01-23-2018,XAUUSD,Loss,-100,Uptrend,,,
01-23-2018,XAUUSD,Profit,328,Uptrend,,,
01-24-2018,XAUUSD,Loss,-80,Uptrend,,,
01-25-2018,XAUUSD,Loss,-95,Uptrend,,,
01-25-2018,XAUUSD,Profit,546,Uptrend,,,
02-12-2018,XAUUSD,Loss,-17,Uptrend,,,
02-13-2018,XAUUSD,Profit,242,Uptrend,,,
02-14-2018,XAUUSD,Profit,1813,Uptrend,,,
02-15-2018,XAUUSD,Loss,-105,Uptrend,,,
02-15-2018,XAUUSD,Loss,-40,Uptrend,,,
02-16-2018,XAUUSD,Loss,-112,Uptrend,,,
02-19-2018,XAUUSD,Loss,-126,Uptrend,,,
02-23-2018,XAUUSD,Loss,-56,Uptrend,,,
02-23-2018,XAUUSD,Loss,-83,Uptrend,,,
02-26-2018,XAUUSD,Loss,-150,Uptrend,,,
03-02-2018,XAUUSD,Profit,43,Uptrend,,,
03-05-2018,XAUUSD,Loss,-49,Uptrend,,,
03-06-2018,XAUUSD,Profit,427,Uptrend,,,
03-07-2018,XAUUSD,Loss,-126,Uptrend,,,
03-07-2018,XAUUSD,Loss,-193,Uptrend,,,
03-14-2018,XAUUSD,Loss,-138,Uptrend,,,
03-16-2018,XAUUSD,Profit,146,Uptrend,,,
03-21-2018,XAUUSD,Loss,-3,Uptrend,,,
03-22-2018,XAUUSD,Loss,-233,Uptrend,,,
03-22-2018,XAUUSD,Loss,-65,Uptrend,,,
04-02-2018,XAUUSD,Profit,201,Uptrend,,,
04-02-2018,XAUUSD,Loss,-7,Uptrend,,,
04-03-2018,XAUUSD,Loss,-70,Uptrend,,,
04-10-2018,XAUUSD,Profit,80,Uptrend,,,
04-11-2018,XAUUSD,Profit,744,Uptrend,,,
04-18-2018,XAUUSD,Loss,-150,Uptrend,,,
04-18-2018,XAUUSD,Loss,-120,Uptrend,,,
05-04-2018,XAUUSD,Loss,-84,Uptrend,,,
05-11-2018,XAUUSD,Loss,-47,Uptrend,,,
05-25-2018,XAUUSD,Loss,-18,Uptrend,,,
06-22-2018,XAUUSD,Loss,-26,Uptrend,,,
06-22-2018,XAUUSD,Loss,-61,Uptrend,,,
07-03-2018,XAUUSD,Loss,-49,Uptrend,,,
07-03-2018,XAUUSD,Loss,-67,Uptrend,,,
07-04-2018,XAUUSD,Profit,19,Uptrend,,,
07-04-2018,XAUUSD,Loss,-62,Uptrend,,,
07-09-2018,XAUUSD,Loss,-75,Uptrend,,,
07-16-2018,XAUUSD,Loss,-90,Uptrend,,,
07-20-2018,XAUUSD,Loss,-86,Uptrend,,,
07-20-2018,XAUUSD,Loss,-10,Uptrend,,,
07-23-2018,XAUUSD,Loss,-140,Uptrend,,,
07-23-2018,XAUUSD,Loss,-100,Uptrend,,,
07-24-2018,XAUUSD,Profit,153,Uptrend,,,
07-25-2018,XAUUSD,Loss,-116,Uptrend,,,
08-07-2018,XAUUSD,Profit,90,Uptrend,,,
08-09-2018,XAUUSD,Loss,-22,Uptrend,,,
08-10-2018,XAUUSD,Profit,130,Uptrend,,,
08-21-2018,XAUUSD,Loss,-50,Uptrend,,,
08-28-2018,XAUUSD,Loss,-29,Uptrend,,,
09-06-2018,XAUUSD,Profit,42,Uptrend,,,
09-06-2018,XAUUSD,Loss,-103,Uptrend,,,
09-07-2018,XAUUSD,Loss,-54,Uptrend,,,
09-07-2018,XAUUSD,Loss,-138,Uptrend,,,
09-14-2018,XAUUSD,Loss,-113,Uptrend,,,
09-17-2018,XAUUSD,Loss,-96,Uptrend,,,
09-18-2018,XAUUSD,Loss,-155,Uptrend,,,
09-18-2018,XAUUSD,Loss,-54,Uptrend,,,
09-18-2018,XAUUSD,Loss,-86,Uptrend,,,
09-19-2018,XAUUSD,Loss,-142,Uptrend,,,
09-24-2018,XAUUSD,Profit,216,Uptrend,,,
09-25-2018,XAUUSD,Loss,-121,Uptrend,,,
10-02-2018,XAUUSD,Loss,-139,Uptrend,,,
10-03-2018,XAUUSD,Loss,-140,Uptrend,,,
10-04-2018,XAUUSD,Loss,-186,Uptrend,,,
10-04-2018,XAUUSD,Loss,-1,Uptrend,,,
10-05-2018,XAUUSD,Loss,-92,Uptrend,,,
10-11-2018,XAUUSD,Loss,-118,Uptrend,,,
10-11-2018,XAUUSD,Profit,695,Uptrend,,,
10-11-2018,XAUUSD,Loss,-52,Uptrend,,,
10-12-2018,XAUUSD,Profit,26,Uptrend,,,
10-15-2018,XAUUSD,Loss,-99,Uptrend,,,
10-16-2018,XAUUSD,Loss,-103,Uptrend,,,
10-18-2018,XAUUSD,Profit,352,Uptrend,,,
10-23-2018,XAUUSD,Loss,-117,Uptrend,,,
10-26-2018,XAUUSD,Loss,-99,Uptrend,,,
11-01-2018,XAUUSD,Profit,194,Uptrend,,,
11-02-2018,XAUUSD,Loss,-63,Uptrend,,,
11-07-2018,XAUUSD,Loss,-91,Uptrend,,,
11-16-2018,XAUUSD,Profit,647,Uptrend,,,
11-19-2018,XAUUSD,Loss,-63,Uptrend,,,
11-20-2018,XAUUSD,Profit,43,Uptrend,,,
11-21-2018,XAUUSD,Loss,-84,Uptrend,,,
11-22-2018,XAUUSD,Profit,10,Uptrend,,,
11-27-2018,XAUUSD,Loss,-46,Uptrend,,,
11-27-2018,XAUUSD,Loss,-137,Uptrend,,,
11-29-2018,XAUUSD,Loss,-200,Uptrend,,,
12-03-2018,XAUUSD,Loss,-121,Uptrend,,,
12-04-2018,XAUUSD,Loss,-75,Uptrend,,,
12-04-2018,XAUUSD,Profit,19,Uptrend,,,
12-05-2018,XAUUSD,Loss,-86,Uptrend,,,
12-05-2018,XAUUSD,Loss,-19,Uptrend,,,
12-07-2018,XAUUSD,Loss,-223,Uptrend,,,
12-07-2018,XAUUSD,Loss,-142,Uptrend,,,
12-17-2018,XAUUSD,Loss,-61,Uptrend,,,
12-20-2018,XAUUSD,Loss,-84,Uptrend,,,
12-24-2018,XAUUSD,Loss,-45,Uptrend,,,
12-24-2018,XAUUSD,Profit,287,Uptrend,,,
12-26-2018,XAUUSD,Loss,-169,Uptrend,,,
12-26-2018,XAUUSD,Profit,214,Uptrend,,,
12-27-2018,XAUUSD,Profit,31,Uptrend,,,
12-28-2018,XAUUSD,Loss,-116,Uptrend,,,
12-31-2018,XAUUSD,Loss,-53,Uptrend,,,
12-31-2018,XAUUSD,Loss,-142,Uptrend,,,
01-02-2019,XAUUSD,Loss,-183,Uptrend,,,
01-03-2019,XAUUSD,Loss,-18,Uptrend,,,
01-03-2019,XAUUSD,Loss,-142,Uptrend,,,
01-04-2019,XAUUSD,Profit,459,Uptrend,,,
01-07-2019,XAUUSD,Loss,-115,Uptrend,,,
01-10-2019,XAUUSD,Profit,16,Uptrend,,,
01-11-2019,XAUUSD,Profit,69,Uptrend,,,
01-15-2019,XAUUSD,Profit,303,Uptrend,,,
01-17-2019,XAUUSD,Loss,-114,Uptrend,,,
01-23-2019,XAUUSD,Profit,89,Uptrend,,,
01-25-2019,XAUUSD,Profit,1241,Uptrend,,,
01-29-2019,XAUUSD,Loss,-77,Uptrend,,,
01-29-2019,XAUUSD,Loss,-54,Uptrend,,,
01-30-2019,XAUUSD,Loss,-119,Uptrend,,,
01-30-2019,XAUUSD,Loss,-41,Uptrend,,,
02-01-2019,XAUUSD,Loss,-130,Uptrend,,,
02-05-2019,XAUUSD,Profit,92,Uptrend,,,
02-08-2019,XAUUSD,Loss,-40,Uptrend,,,
02-15-2019,XAUUSD,Loss,-110,Uptrend,,,
02-18-2019,XAUUSD,Loss,-47,Uptrend,,,
02-18-2019,XAUUSD,Loss,-9,Uptrend,,,
02-18-2019,XAUUSD,Loss,-57,Uptrend,,,
02-19-2019,XAUUSD,Profit,499,Uptrend,,,
02-20-2019,XAUUSD,Loss,-91,Uptrend,,,
02-20-2019,XAUUSD,Loss,-2,Uptrend,,,
02-20-2019,XAUUSD,Profit,7,Uptrend,,,
02-25-2019,XAUUSD,Profit,214,Uptrend,,,
02-28-2019,XAUUSD,Loss,-69,Uptrend,,,
03-12-2019,XAUUSD,Loss,-96,Uptrend,,,
03-13-2019,XAUUSD,Loss,-7,Uptrend,,,
03-15-2019,XAUUSD,Profit,117,Uptrend,,,
03-15-2019,XAUUSD,Loss,-116,Uptrend,,,
03-19-2019,XAUUSD,Loss,-149,Uptrend,,,
03-19-2019,XAUUSD,Profit,32,Uptrend,,,
03-22-2019,XAUUSD,Loss,-63,Uptrend,,,
03-25-2019,XAUUSD,Profit,125,Uptrend,,,
03-25-2019,XAUUSD,Profit,75,Uptrend,,,
03-27-2019,XAUUSD,Loss,-33,Uptrend,,,
03-27-2019,XAUUSD,Loss,-44,Uptrend,,,
04-03-2019,XAUUSD,Loss,-154,Uptrend,,,
04-08-2019,XAUUSD,Loss,-114,Uptrend,,,
04-10-2019,XAUUSD,Profit,172,Uptrend,,,
04-10-2019,XAUUSD,Profit,80,Uptrend,,,
04-22-2019,XAUUSD,Loss,-61,Uptrend,,,
04-24-2019,XAUUSD,Loss,-36,Uptrend,,,
04-24-2019,XAUUSD,Profit,360,Uptrend,,,
04-30-2019,XAUUSD,Profit,97,Uptrend,,,
05-01-2019,XAUUSD,Profit,2,Uptrend,,,
05-01-2019,XAUUSD,Loss,-55,Uptrend,,,
05-10-2019,XAUUSD,Profit,33,Uptrend,,,
05-14-2019,XAUUSD,Loss,-91,Uptrend,,,
05-15-2019,XAUUSD,Loss,-125,Uptrend,,,
05-15-2019,XAUUSD,Profit,136,Uptrend,,,
05-22-2019,XAUUSD,Profit,66,Uptrend,,,
05-23-2019,XAUUSD,Profit,77,Uptrend,,,
05-23-2019,XAUUSD,Profit,130,Uptrend,,,
05-24-2019,XAUUSD,Profit,97,Uptrend,,,
05-27-2019,XAUUSD,Profit,23,Uptrend,,,
05-27-2019,XAUUSD,Loss,-14,Uptrend,,,
05-29-2019,XAUUSD,Profit,350,Uptrend,,,
05-31-2019,XAUUSD,Loss,-63,Uptrend,,,
05-31-2019,XAUUSD,Profit,235,Uptrend,,,
06-03-2019,XAUUSD,Profit,260,Uptrend,,,
06-04-2019,XAUUSD,Loss,-154,Uptrend,,,
06-04-2019,XAUUSD,Profit,99,Uptrend,,,
06-06-2019,XAUUSD,Profit,239,Uptrend,,,
06-12-2019,XAUUSD,Profit,297,Uptrend,,,
06-13-2019,XAUUSD,Profit,0,Uptrend,,,
06-13-2019,XAUUSD,Profit,197,Uptrend,,,
06-14-2019,XAUUSD,Loss,-57,Uptrend,,,
06-14-2019,XAUUSD,Loss,-84,Uptrend,,,
06-18-2019,XAUUSD,Loss,-316,Uptrend,,,
06-20-2019,XAUUSD,Profit,487,Uptrend,,,
06-21-2019,XAUUSD,Profit,193,Uptrend,,,
06-25-2019,XAUUSD,Loss,-7,Uptrend,,,
07-03-2019,XAUUSD,Loss,-142,Uptrend,,,
07-04-2019,XAUUSD,Profit,50,Uptrend,,,
07-11-2019,XAUUSD,Loss,-168,Uptrend,,,
07-16-2019,XAUUSD,Loss,-141,Uptrend,,,
07-16-2019,XAUUSD,Loss,-122,Uptrend,,,
07-18-2019,XAUUSD,Profit,4,Uptrend,,,
07-26-2019,XAUUSD,Loss,-198,Uptrend,,,
07-29-2019,XAUUSD,Loss,-111,Uptrend,,,
07-29-2019,XAUUSD,Loss,-45,Uptrend,,,
07-30-2019,XAUUSD,Loss,-180,Uptrend,,,
08-02-2019,XAUUSD,Profit,499,Uptrend,,,
08-05-2019,XAUUSD,Profit,6,Uptrend,,,
08-06-2019,XAUUSD,Profit,541,Uptrend,,,
08-08-2019,XAUUSD,Profit,30,Uptrend,,,
08-09-2019,XAUUSD,Loss,-361,Uptrend,,,
08-09-2019,XAUUSD,Loss,-299,Uptrend,,,
08-12-2019,XAUUSD,Loss,-19,Uptrend,,,
08-15-2019,XAUUSD,Loss,-128,Uptrend,,,
08-15-2019,XAUUSD,Loss,-3,Uptrend,,,
08-20-2019,XAUUSD,Loss,-214,Uptrend,,,
08-20-2019,XAUUSD,Profit,46,Uptrend,,,
08-26-2019,XAUUSD,Loss,-127,Uptrend,,,
08-28-2019,XAUUSD,Loss,-97,Uptrend,,,
09-02-2019,XAUUSD,Profit,68,Uptrend,,,
09-03-2019,XAUUSD,Profit,1208,Uptrend,,,
09-04-2019,XAUUSD,Loss,-50,Uptrend,,,
09-05-2019,XAUUSD,Loss,-291,Uptrend,,,
09-05-2019,XAUUSD,Profit,120,Uptrend,,,
09-16-2019,XAUUSD,Profit,209,Uptrend,,,
09-16-2019,XAUUSD,Loss,-132,Uptrend,,,
09-17-2019,XAUUSD,Loss,-271,Uptrend,,,
09-17-2019,XAUUSD,Profit,90,Uptrend,,,
09-18-2019,XAUUSD,Profit,324,Uptrend,,,
09-19-2019,XAUUSD,Loss,-158,Uptrend,,,
09-24-2019,XAUUSD,Loss,-71,Uptrend,,,
10-03-2019,XAUUSD,Profit,929,Uptrend,,,
10-03-2019,XAUUSD,Loss,-390,Uptrend,,,
10-04-2019,XAUUSD,Profit,314,Uptrend,,,
10-10-2019,XAUUSD,Profit,136,Uptrend,,,
10-15-2019,XAUUSD,Loss,-153,Uptrend,,,
10-17-2019,XAUUSD,Loss,-124,Uptrend,,,
10-23-2019,XAUUSD,Loss,-94,Uptrend,,,
10-24-2019,XAUUSD,Loss,-146,Uptrend,,,
10-30-2019,XAUUSD,Profit,59,Uptrend,,,
10-31-2019,XAUUSD,Profit,146,Uptrend,,,
11-01-2019,XAUUSD,Loss,-99,Uptrend,,,
11-01-2019,XAUUSD,Loss,-73,Uptrend,,,
11-11-2019,XAUUSD,Loss,-211,Uptrend,,,
11-14-2019,XAUUSD,Loss,-112,Uptrend,,,
11-15-2019,XAUUSD,Profit,63,Uptrend,,,
11-15-2019,XAUUSD,Profit,102,Uptrend,,,
11-20-2019,XAUUSD,Loss,-120,Uptrend,,,
11-22-2019,XAUUSD,Loss,-94,Uptrend,,,
12-09-2019,XAUUSD,Loss,-70,Uptrend,,,
12-09-2019,XAUUSD,Loss,-67,Uptrend,,,
12-10-2019,XAUUSD,Loss,-116,Uptrend,,,
12-12-2019,XAUUSD,Profit,741,Uptrend,,,
12-12-2019,XAUUSD,Loss,-187,Uptrend,,,
12-13-2019,XAUUSD,Profit,402,Uptrend,,,
12-17-2019,XAUUSD,Loss,-90,Uptrend,,,
12-18-2019,XAUUSD,Profit,189,Uptrend,,,
12-18-2019,XAUUSD,Loss,-40,Uptrend,,,
12-20-2019,XAUUSD,Loss,-112,Uptrend,,,
12-20-2019,XAUUSD,Loss,-104,Uptrend,,,
12-24-2019,XAUUSD,Loss,-91,Uptrend,,,
12-24-2019,XAUUSD,Profit,214,Uptrend,,,
12-26-2019,XAUUSD,Profit,161,Uptrend,,,
12-27-2019,XAUUSD,Profit,16,Uptrend,,,
12-31-2019,XAUUSD,Loss,-60,Uptrend,,,
12-31-2019,XAUUSD,Profit,174,Uptrend,,,
01-03-2020,XAUUSD,Loss,-51,Uptrend,,,
01-08-2020,XAUUSD,Profit,222,Uptrend,,,
01-16-2020,XAUUSD,Loss,-104,Uptrend,,,
01-17-2020,XAUUSD,Profit,323,Uptrend,,,
01-20-2020,XAUUSD,Profit,30,Uptrend,,,
01-31-2020,XAUUSD,Loss,-73,Uptrend,,,
02-06-2020,XAUUSD,Profit,17,Uptrend,,,
02-07-2020,XAUUSD,Loss,-103,Uptrend,,,
02-07-2020,XAUUSD,Profit,329,Uptrend,,,
02-10-2020,XAUUSD,Loss,-7,Uptrend,,,
02-13-2020,XAUUSD,Loss,-46,Uptrend,,,
02-13-2020,XAUUSD,Loss,-148,Uptrend,,,
02-14-2020,XAUUSD,Loss,-41,Uptrend,,,
02-18-2020,XAUUSD,Profit,1159,Uptrend,,,
02-19-2020,XAUUSD,Loss,-150,Uptrend,,,
02-19-2020,XAUUSD,Loss,-208,Uptrend,,,
02-19-2020,XAUUSD,Profit,76,Uptrend,,,
02-20-2020,XAUUSD,Loss,-256,Uptrend,,,
02-21-2020,XAUUSD,Profit,212,Uptrend,,,
02-24-2020,XAUUSD,Loss,-313,Uptrend,,,
03-02-2020,XAUUSD,Loss,-33,Uptrend,,,
03-04-2020,XAUUSD,Loss,-133,Uptrend,,,
03-04-2020,XAUUSD,Loss,-20,Uptrend,,,
03-05-2020,XAUUSD,Loss,-37,Uptrend,,,
03-09-2020,XAUUSD,Loss,-366,Uptrend,,,
03-11-2020,XAUUSD,Loss,-155,Uptrend,,,
03-20-2020,XAUUSD,Loss,-411,Uptrend,,,
04-06-2020,XAUUSD,Profit,413,Uptrend,,,
04-07-2020,XAUUSD,Profit,484,Uptrend,,,
04-08-2020,XAUUSD,Loss,-312,Uptrend,,,
04-09-2020,XAUUSD,Loss,-287,Uptrend,,,
04-09-2020,XAUUSD,Loss,-247,Uptrend,,,
04-09-2020,XAUUSD,Loss,-339,Uptrend,,,
04-09-2020,XAUUSD,Profit,151,Uptrend,,,
04-13-2020,XAUUSD,Loss,-353,Uptrend,,,
04-13-2020,XAUUSD,Profit,1397,Uptrend,,,
04-23-2020,XAUUSD,Loss,-283,Uptrend,,,
04-23-2020,XAUUSD,Loss,-79,Uptrend,,,
04-23-2020,XAUUSD,Loss,-118,Uptrend,,,
05-04-2020,XAUUSD,Profit,301,Uptrend,,,
05-04-2020,XAUUSD,Profit,38,Uptrend,,,
05-08-2020,XAUUSD,Profit,245,Uptrend,,,
05-08-2020,XAUUSD,Loss,-182,Uptrend,,,
05-08-2020,XAUUSD,Loss,-165,Uptrend,,,
05-12-2020,XAUUSD,Profit,168,Uptrend,,,
05-13-2020,XAUUSD,Loss,-41,Uptrend,,,
05-13-2020,XAUUSD,Loss,-66,Uptrend,,,
05-14-2020,XAUUSD,Profit,1058,Uptrend,,,
05-15-2020,XAUUSD,Loss,-38,Uptrend,,,
05-15-2020,XAUUSD,Profit,12,Uptrend,,,
05-18-2020,XAUUSD,Loss,-316,Uptrend,,,
05-20-2020,XAUUSD,Profit,101,Uptrend,,,
05-20-2020,XAUUSD,Loss,-120,Uptrend,,,
05-28-2020,XAUUSD,Loss,-190,Uptrend,,,
05-28-2020,XAUUSD,Loss,-4,Uptrend,,,
05-29-2020,XAUUSD,Loss,-27,Uptrend,,,
06-01-2020,XAUUSD,Profit,103,Uptrend,,,
06-01-2020,XAUUSD,Profit,719,Uptrend,,,
06-02-2020,XAUUSD,Loss,-135,Uptrend,,,
06-09-2020,XAUUSD,Loss,-226,Uptrend,,,
06-10-2020,XAUUSD,Loss,-193,Uptrend,,,
06-12-2020,XAUUSD,Loss,-219,Uptrend,,,
06-16-2020,XAUUSD,Loss,-218,Uptrend,,,
06-19-2020,XAUUSD,Profit,62,Uptrend,,,
06-19-2020,XAUUSD,Profit,158,Uptrend,,,
06-19-2020,XAUUSD,Loss,-222,Uptrend,,,
06-24-2020,XAUUSD,Profit,176,Uptrend,,,
06-29-2020,XAUUSD,Profit,53,Uptrend,,,
06-29-2020,XAUUSD,Loss,-164,Uptrend,,,
07-01-2020,XAUUSD,Profit,512,Uptrend,,,
07-03-2020,XAUUSD,Loss,-122,Uptrend,,,
07-03-2020,XAUUSD,Loss,-59,Uptrend,,,
07-06-2020,XAUUSD,Loss,-1,Uptrend,,,
07-09-2020,XAUUSD,Loss,-271,Uptrend,,,
07-09-2020,XAUUSD,Loss,-240,Uptrend,,,
07-10-2020,XAUUSD,Loss,-212,Uptrend,,,
07-13-2020,XAUUSD,Profit,308,Uptrend,,,
07-17-2020,XAUUSD,Loss,-5,Uptrend,,,
07-20-2020,XAUUSD,Profit,2,Uptrend,,,
07-21-2020,XAUUSD,Loss,-9,Uptrend,,,
07-22-2020,XAUUSD,Loss,-14,Uptrend,,,
07-22-2020,XAUUSD,Profit,962,Uptrend,,,
07-23-2020,XAUUSD,Profit,873,Uptrend,,,
07-24-2020,XAUUSD,Loss,-139,Uptrend,,,
07-27-2020,XAUUSD,Loss,-438,Uptrend,,,
07-27-2020,XAUUSD,Loss,-14,Uptrend,,,
08-06-2020,XAUUSD,Loss,-460,Uptrend,,,
08-18-2020,XAUUSD,Loss,-355,Uptrend,,,
08-24-2020,XAUUSD,Loss,-181,Uptrend,,,
08-24-2020,XAUUSD,Loss,-328,Uptrend,,,
09-10-2020,XAUUSD,Loss,-33,Uptrend,,,
09-15-2020,XAUUSD,Loss,-263,Uptrend,,,
09-16-2020,XAUUSD,Loss,-102,Uptrend,,,
09-28-2020,XAUUSD,Loss,-220,Uptrend,,,
09-29-2020,XAUUSD,Loss,-131,Uptrend,,,
10-01-2020,XAUUSD,Loss,-402,Uptrend,,,
10-01-2020,XAUUSD,Profit,524,Uptrend,,,
10-05-2020,XAUUSD,Profit,168,Uptrend,,,
10-05-2020,XAUUSD,Loss,-393,Uptrend,,,
10-06-2020,XAUUSD,Loss,-424,Uptrend,,,
10-08-2020,XAUUSD,Loss,-77,Uptrend,,,
10-12-2020,XAUUSD,Loss,-223,Uptrend,,,
10-16-2020,XAUUSD,Loss,-340,Uptrend,,,
10-16-2020,XAUUSD,Loss,-92,Uptrend,,,
10-19-2020,XAUUSD,Loss,-156,Uptrend,,,
10-19-2020,XAUUSD,Profit,198,Uptrend,,,
10-20-2020,XAUUSD,Profit,579,Uptrend,,,
10-23-2020,XAUUSD,Loss,-313,Uptrend,,,
10-30-2020,XAUUSD,Loss,-459,Uptrend,,,
10-30-2020,XAUUSD,Profit,119,Uptrend,,,
11-02-2020,XAUUSD,Loss,-287,Uptrend,,,
11-02-2020,XAUUSD,Profit,131,Uptrend,,,
11-04-2020,XAUUSD,Loss,-291,Uptrend,,,
11-05-2020,XAUUSD,Profit,1123,Uptrend,,,
11-06-2020,XAUUSD,Loss,-82,Uptrend,,,
11-06-2020,XAUUSD,Profit,168,Uptrend,,,
11-13-2020,XAUUSD,Profit,34,Uptrend,,,
11-17-2020,XAUUSD,Loss,-273,Uptrend,,,
11-17-2020,XAUUSD,Loss,-297,Uptrend,,,
12-01-2020,XAUUSD,Loss,-394,Uptrend,,,
12-02-2020,XAUUSD,Profit,883,Uptrend,,,
12-03-2020,XAUUSD,Loss,-312,Uptrend,,,
12-08-2020,XAUUSD,Loss,-54,Uptrend,,,
12-15-2020,XAUUSD,Loss,-22,Uptrend,,,
12-15-2020,XAUUSD,Loss,-178,Uptrend,,,
12-16-2020,XAUUSD,Loss,-224,Uptrend,,,
12-16-2020,XAUUSD,Loss,-43,Uptrend,,,
12-17-2020,XAUUSD,Loss,-301,Uptrend,,,
12-17-2020,XAUUSD,Profit,1055,Uptrend,,,
12-24-2020,XAUUSD,Loss,-209,Uptrend,,,
12-31-2020,XAUUSD,Loss,-12,Uptrend,,,
12-31-2020,XAUUSD,Profit,51,Uptrend,,,
01-05-2021,XAUUSD,Loss,-320,Uptrend,,,
01-19-2021,XAUUSD,Profit,245,Uptrend,,,
01-20-2021,XAUUSD,Profit,1781,Uptrend,,,
01-21-2021,XAUUSD,Loss,-36,Uptrend,,,
01-25-2021,XAUUSD,Loss,-165,Uptrend,,,
01-29-2021,XAUUSD,Loss,-379,Uptrend,,,
01-29-2021,XAUUSD,Profit,28,Uptrend,,,
02-01-2021,XAUUSD,Loss,-304,Uptrend,,,
02-01-2021,XAUUSD,Loss,-309,Uptrend,,,
02-08-2021,XAUUSD,Profit,553,Uptrend,,,
02-08-2021,XAUUSD,Profit,123,Uptrend,,,
02-22-2021,XAUUSD,Profit,63,Uptrend,,,
02-24-2021,XAUUSD,Loss,-97,Uptrend,,,
03-09-2021,XAUUSD,Profit,849,Uptrend,,,
03-09-2021,XAUUSD,Loss,-402,Uptrend,,,
03-10-2021,XAUUSD,Profit,326,Uptrend,,,
03-11-2021,XAUUSD,Loss,-285,Uptrend,,,
03-15-2021,XAUUSD,Loss,-175,Uptrend,,,
03-19-2021,XAUUSD,Profit,26,Uptrend,,,
03-23-2021,XAUUSD,Loss,-49,Uptrend,,,
04-01-2021,XAUUSD,Profit,88,Uptrend,,,
04-06-2021,XAUUSD,Profit,102,Uptrend,,,
04-07-2021,XAUUSD,Loss,-248,Uptrend,,,
04-07-2021,XAUUSD,Profit,27,Uptrend,,,
04-08-2021,XAUUSD,Loss,-254,Uptrend,,,
04-16-2021,XAUUSD,Loss,-156,Uptrend,,,
04-20-2021,XAUUSD,Loss,-55,Uptrend,,,
04-21-2021,XAUUSD,Profit,688,Uptrend,,,
04-21-2021,XAUUSD,Loss,-77,Uptrend,,,
04-22-2021,XAUUSD,Loss,-346,Uptrend,,,
04-27-2021,XAUUSD,Loss,-282,Uptrend,,,
05-03-2021,XAUUSD,Profit,143,Uptrend,,,
05-04-2021,XAUUSD,Profit,342,Uptrend,,,
05-04-2021,XAUUSD,Loss,-125,Uptrend,,,
05-07-2021,XAUUSD,Loss,-171,Uptrend,,,
05-10-2021,XAUUSD,Loss,-292,Uptrend,,,
05-10-2021,XAUUSD,Loss,-111,Uptrend,,,
05-14-2021,XAUUSD,Loss,-215,Uptrend,,,
05-14-2021,XAUUSD,Profit,146,Uptrend,,,
05-17-2021,XAUUSD,Profit,1648,Uptrend,,,
05-18-2021,XAUUSD,Loss,-337,Uptrend,,,
05-21-2021,XAUUSD,Loss,-11,Uptrend,,,
05-24-2021,XAUUSD,Profit,85,Uptrend,,,
05-25-2021,XAUUSD,Profit,521,Uptrend,,,
05-26-2021,XAUUSD,Loss,-114,Uptrend,,,
05-31-2021,XAUUSD,Loss,-18,Uptrend,,,
06-01-2021,XAUUSD,Profit,99,Uptrend,,,
06-23-2021,XAUUSD,Profit,822,Uptrend,,,
06-24-2021,XAUUSD,Loss,-227,Uptrend,,,
07-01-2021,XAUUSD,Loss,-413,Uptrend,,,
07-07-2021,XAUUSD,Profit,92,Uptrend,,,
07-07-2021,XAUUSD,Loss,-161,Uptrend,,,
07-13-2021,XAUUSD,Loss,-253,Uptrend,,,
07-13-2021,XAUUSD,Loss,-40,Uptrend,,,
07-14-2021,XAUUSD,Loss,-320,Uptrend,,,
07-14-2021,XAUUSD,Loss,-122,Uptrend,,,
07-20-2021,XAUUSD,Loss,-342,Uptrend,,,
07-26-2021,XAUUSD,Loss,-152,Uptrend,,,
07-26-2021,XAUUSD,Loss,-125,Uptrend,,,
07-29-2021,XAUUSD,Loss,-26,Uptrend,,,
07-29-2021,XAUUSD,Profit,350,Uptrend,,,
07-30-2021,XAUUSD,Loss,-51,Uptrend,,,
08-05-2021,XAUUSD,Loss,-260,Uptrend,,,
08-05-2021,XAUUSD,Loss,-166,Uptrend,,,
08-12-2021,XAUUSD,Profit,486,Uptrend,,,
08-16-2021,XAUUSD,Profit,108,Uptrend,,,
08-18-2021,XAUUSD,Loss,-194,Uptrend,,,
08-18-2021,XAUUSD,Profit,233,Uptrend,,,
08-19-2021,XAUUSD,Loss,-54,Uptrend,,,
08-23-2021,XAUUSD,Loss,-18,Uptrend,,,
08-24-2021,XAUUSD,Loss,-5,Uptrend,,,
08-30-2021,XAUUSD,Loss,-271,Uptrend,,,
08-30-2021,XAUUSD,Loss,-111,Uptrend,,,
08-31-2021,XAUUSD,Profit,281,Uptrend,,,
09-01-2021,XAUUSD,Profit,297,Uptrend,,,
09-03-2021,XAUUSD,Profit,116,Uptrend,,,
09-06-2021,XAUUSD,Profit,29,Uptrend,,,
09-10-2021,XAUUSD,Loss,-241,Uptrend,,,
09-15-2021,XAUUSD,Loss,-231,Uptrend,,,
09-15-2021,XAUUSD,Loss,-130,Uptrend,,,
09-22-2021,XAUUSD,Loss,-111,Uptrend,,,
09-29-2021,XAUUSD,Profit,161,Uptrend,,,
10-04-2021,XAUUSD,Profit,392,Uptrend,,,
10-04-2021,XAUUSD,Profit,117,Uptrend,,,
10-07-2021,XAUUSD,Profit,403,Uptrend,,,
10-13-2021,XAUUSD,Profit,2666,Uptrend,,,
10-13-2021,XAUUSD,Loss,-115,Uptrend,,,
10-14-2021,XAUUSD,Loss,-151,Uptrend,,,
10-20-2021,XAUUSD,Loss,-33,Uptrend,,,
10-22-2021,XAUUSD,Profit,284,Uptrend,,,
10-28-2021,XAUUSD,Profit,360,Uptrend,,,
11-05-2021,XAUUSD,Profit,822,Uptrend,,,
11-08-2021,XAUUSD,Profit,26,Uptrend,,,
11-08-2021,XAUUSD,Loss,-162,Uptrend,,,
11-09-2021,XAUUSD,Loss,-57,Uptrend,,,
11-15-2021,XAUUSD,Loss,-200,Uptrend,,,
11-16-2021,XAUUSD,Profit,40,Uptrend,,,
11-19-2021,XAUUSD,Loss,-203,Uptrend,,,
11-19-2021,XAUUSD,Loss,-96,Uptrend,,,
11-19-2021,XAUUSD,Loss,-244,Uptrend,,,
11-26-2021,XAUUSD,Loss,-368,Uptrend,,,
11-26-2021,XAUUSD,Loss,-60,Uptrend,,,
11-26-2021,XAUUSD,Loss,-246,Uptrend,,,
12-06-2021,XAUUSD,Loss,-269,Uptrend,,,
12-06-2021,XAUUSD,Loss,-153,Uptrend,,,
12-07-2021,XAUUSD,Profit,214,Uptrend,,,
12-08-2021,XAUUSD,Loss,-131,Uptrend,,,
12-14-2021,XAUUSD,Profit,204,Uptrend,,,
12-14-2021,XAUUSD,Loss,-77,Uptrend,,,
12-16-2021,XAUUSD,Profit,130,Uptrend,,,
12-16-2021,XAUUSD,Loss,-95,Uptrend,,,
12-21-2021,XAUUSD,Loss,-187,Uptrend,,,
12-21-2021,XAUUSD,Loss,-179,Uptrend,,,
12-23-2021,XAUUSD,Profit,147,Uptrend,,,
12-27-2021,XAUUSD,Profit,23,Uptrend,,,
12-27-2021,XAUUSD,Profit,194,Uptrend,,,
12-28-2021,XAUUSD,Loss,-64,Uptrend,,,
12-28-2021,XAUUSD,Profit,47,Uptrend,,,
12-28-2021,XAUUSD,Loss,-209,Uptrend,,,
12-28-2021,XAUUSD,Loss,-180,Uptrend,,,
12-31-2021,XAUUSD,Profit,218,Uptrend,,,
12-31-2021,XAUUSD,Loss,-175,Uptrend,,,
12-31-2021,XAUUSD,Loss,-258,Uptrend,,,
01-11-2022,XAUUSD,Profit,149,Uptrend,,,
01-13-2022,XAUUSD,Loss,-311,Uptrend,,,
01-14-2022,XAUUSD,Loss,-157,Uptrend,,,
01-24-2022,XAUUSD,Loss,-173,Uptrend,,,
02-01-2022,XAUUSD,Loss,-92,Uptrend,,,
02-07-2022,XAUUSD,Loss,-208,Uptrend,,,
02-07-2022,XAUUSD,Loss,-99,Uptrend,,,
02-08-2022,XAUUSD,Profit,281,Uptrend,,,
02-09-2022,XAUUSD,Loss,-175,Uptrend,,,
02-14-2022,XAUUSD,Profit,363,Uptrend,,,
02-14-2022,XAUUSD,Loss,-67,Uptrend,,,
02-18-2022,XAUUSD,Loss,-210,Uptrend,,,
02-21-2022,XAUUSD,Loss,-156,Uptrend,,,
02-21-2022,XAUUSD,Profit,45,Uptrend,,,
03-01-2022,XAUUSD,Profit,298,Uptrend,,,
03-01-2022,XAUUSD,Profit,29,Uptrend,,,
03-02-2022,XAUUSD,Loss,-395,Uptrend,,,
03-03-2022,XAUUSD,Loss,-234,Uptrend,,,
03-07-2022,XAUUSD,Loss,-517,Uptrend,,,
03-18-2022,XAUUSD,Loss,-79,Uptrend,,,
03-23-2022,XAUUSD,Profit,124,Uptrend,,,
03-23-2022,XAUUSD,Profit,536,Uptrend,,,
03-24-2022,XAUUSD,Loss,-210,Uptrend,,,
03-24-2022,XAUUSD,Profit,553,Uptrend,,,
03-31-2022,XAUUSD,Profit,79,Uptrend,,,
03-31-2022,XAUUSD,Loss,-61,Uptrend,,,
04-04-2022,XAUUSD,Loss,-158,Uptrend,,,
04-07-2022,XAUUSD,Loss,-298,Uptrend,,,
04-07-2022,XAUUSD,Profit,43,Uptrend,,,
04-08-2022,XAUUSD,Loss,-120,Uptrend,,,
04-11-2022,XAUUSD,Profit,10,Uptrend,,,
04-13-2022,XAUUSD,Profit,128,Uptrend,,,
04-14-2022,XAUUSD,Profit,95,Uptrend,,,
04-18-2022,XAUUSD,Loss,-230,Uptrend,,,
04-18-2022,XAUUSD,Profit,137,Uptrend,,,
04-19-2022,XAUUSD,Loss,-391,Uptrend,,,
04-29-2022,XAUUSD,Loss,-88,Uptrend,,,
05-05-2022,XAUUSD,Loss,-384,Uptrend,,,
05-06-2022,XAUUSD,Loss,-270,Uptrend,,,
05-19-2022,XAUUSD,Profit,596,Uptrend,,,
05-20-2022,XAUUSD,Profit,391,Uptrend,,,
05-23-2022,XAUUSD,Loss,-245,Uptrend,,,
05-23-2022,XAUUSD,Loss,-255,Uptrend,,,
05-24-2022,XAUUSD,Profit,172,Uptrend,,,
05-27-2022,XAUUSD,Profit,26,Uptrend,,,
06-15-2022,XAUUSD,Loss,-151,Uptrend,,,
06-17-2022,XAUUSD,Profit,33,Uptrend,,,
06-27-2022,XAUUSD,Loss,-114,Uptrend,,,
06-29-2022,XAUUSD,Loss,-111,Uptrend,,,
07-18-2022,XAUUSD,Loss,-158,Uptrend,,,
07-19-2022,XAUUSD,Loss,-56,Uptrend,,,
07-25-2022,XAUUSD,Loss,-203,Uptrend,,,
07-27-2022,XAUUSD,Profit,391,Uptrend,,,
07-28-2022,XAUUSD,Loss,-191,Uptrend,,,
08-01-2022,XAUUSD,Loss,-238,Uptrend,,,
08-01-2022,XAUUSD,Loss,-255,Uptrend,,,
08-01-2022,XAUUSD,Loss,-41,Uptrend,,,
08-02-2022,XAUUSD,Loss,-299,Uptrend,,,
08-04-2022,XAUUSD,Profit,335,Uptrend,,,
08-04-2022,XAUUSD,Profit,93,Uptrend,,,
08-05-2022,XAUUSD,Profit,249,Uptrend,,,
08-10-2022,XAUUSD,Loss,-443,Uptrend,,,
08-11-2022,XAUUSD,Loss,-27,Uptrend,,,
08-24-2022,XAUUSD,Loss,-243,Uptrend,,,
08-24-2022,XAUUSD,Loss,-98,Uptrend,,,
08-24-2022,XAUUSD,Profit,92,Uptrend,,,
08-25-2022,XAUUSD,Loss,-87,Uptrend,,,
09-05-2022,XAUUSD,Loss,-129,Uptrend,,,
09-06-2022,XAUUSD,Loss,-402,Uptrend,,,
09-08-2022,XAUUSD,Loss,-82,Uptrend,,,
09-12-2022,XAUUSD,Loss,-346,Uptrend,,,
09-12-2022,XAUUSD,Loss,-82,Uptrend,,,
09-29-2022,XAUUSD,Profit,378,Uptrend,,,
10-04-2022,XAUUSD,Loss,-387,Uptrend,,,
10-06-2022,XAUUSD,Loss,-148,Uptrend,,,
10-06-2022,XAUUSD,Profit,4,Uptrend,,,
10-17-2022,XAUUSD,Loss,-232,Uptrend,,,
10-17-2022,XAUUSD,Loss,-64,Uptrend,,,
10-24-2022,XAUUSD,Profit,115,Uptrend,,,
10-26-2022,XAUUSD,Loss,-22,Uptrend,,,
10-27-2022,XAUUSD,Profit,75,Uptrend,,,
11-07-2022,XAUUSD,Loss,-253,Uptrend,,,
11-07-2022,XAUUSD,Loss,-8,Uptrend,,,
11-08-2022,XAUUSD,Profit,13,Uptrend,,,
11-09-2022,XAUUSD,Profit,195,Uptrend,,,
11-16-2022,XAUUSD,Loss,-207,Uptrend,,,
11-22-2022,XAUUSD,Loss,-42,Uptrend,,,
11-29-2022,XAUUSD,Profit,466,Uptrend,,,
12-01-2022,XAUUSD,Loss,-202,Uptrend,,,
12-02-2022,XAUUSD,Profit,1138,Uptrend,,,
12-09-2022,XAUUSD,Profit,780,Uptrend,,,
12-12-2022,XAUUSD,Loss,-240,Uptrend,,,
12-12-2022,XAUUSD,Loss,-294,Uptrend,,,
12-13-2022,XAUUSD,Profit,3166,Uptrend,,,
12-14-2022,XAUUSD,Profit,80,Uptrend,,,
12-14-2022,XAUUSD,Loss,-200,Uptrend,,,
12-14-2022,XAUUSD,Loss,-205,Uptrend,,,
12-20-2022,XAUUSD,Profit,977,Uptrend,,,
12-21-2022,XAUUSD,Profit,24,Uptrend,,,
12-27-2022,XAUUSD,Profit,1802,Uptrend,,,
12-30-2022,XAUUSD,Loss,-236,Uptrend,,,
01-03-2023,XAUUSD,Profit,205,Uptrend,,,
01-03-2023,XAUUSD,Profit,635,Uptrend,,,
01-13-2023,XAUUSD,Profit,1019,Uptrend,,,
01-13-2023,XAUUSD,Loss,-47,Uptrend,,,
01-16-2023,XAUUSD,Profit,91,Uptrend,,,
01-18-2023,XAUUSD,Loss,-257,Uptrend,,,
01-20-2023,XAUUSD,Loss,-192,Uptrend,,,
01-23-2023,XAUUSD,Loss,-463,Uptrend,,,
01-26-2023,XAUUSD,Profit,160,Uptrend,,,
01-26-2023,XAUUSD,Loss,-191,Uptrend,,,
02-01-2023,XAUUSD,Loss,-227,Uptrend,,,
02-09-2023,XAUUSD,Loss,-147,Uptrend,,,
02-09-2023,XAUUSD,Profit,220,Uptrend,,,
02-20-2023,XAUUSD,Loss,-145,Uptrend,,,
02-20-2023,XAUUSD,Loss,-155,Uptrend,,,
03-01-2023,XAUUSD,Profit,164,Uptrend,,,
03-01-2023,XAUUSD,Profit,39,Uptrend,,,
03-02-2023,XAUUSD,Loss,-349,Uptrend,,,
03-06-2023,XAUUSD,Loss,-94,Uptrend,,,
03-06-2023,XAUUSD,Loss,-128,Uptrend,,,
03-10-2023,XAUUSD,Profit,2363,Uptrend,,,
03-13-2023,XAUUSD,Loss,-338,Uptrend,,,
03-15-2023,XAUUSD,Profit,663,Uptrend,,,
03-16-2023,XAUUSD,Loss,-126,Uptrend,,,
03-16-2023,XAUUSD,Loss,-378,Uptrend,,,
03-17-2023,XAUUSD,Profit,811,Uptrend,,,
03-17-2023,XAUUSD,Loss,-258,Uptrend,,,
03-23-2023,XAUUSD,Loss,-170,Uptrend,,,
03-23-2023,XAUUSD,Profit,113,Uptrend,,,
03-24-2023,XAUUSD,Loss,-421,Uptrend,,,
03-30-2023,XAUUSD,Profit,319,Uptrend,,,
03-31-2023,XAUUSD,Loss,-96,Uptrend,,,
04-03-2023,XAUUSD,Loss,-130,Uptrend,,,
04-06-2023,XAUUSD,Loss,-282,Uptrend,,,
04-11-2023,XAUUSD,Loss,-214,Uptrend,,,
04-11-2023,XAUUSD,Profit,31,Uptrend,,,
04-12-2023,XAUUSD,Loss,-365,Uptrend,,,
04-13-2023,XAUUSD,Profit,132,Uptrend,,,
05-02-2023,XAUUSD,Loss,-144,Uptrend,,,
05-03-2023,XAUUSD,Profit,31,Uptrend,,,
05-03-2023,XAUUSD,Loss,-190,Uptrend,,,
05-04-2023,XAUUSD,Profit,1485,Uptrend,,,
05-04-2023,XAUUSD,Loss,-151,Uptrend,,,
05-09-2023,XAUUSD,Loss,-65,Uptrend,,,
05-31-2023,XAUUSD,Loss,-51,Uptrend,,,
06-01-2023,XAUUSD,Loss,-138,Uptrend,,,
06-01-2023,XAUUSD,Profit,503,Uptrend,,,
06-06-2023,XAUUSD,Loss,-175,Uptrend,,,
06-07-2023,XAUUSD,Loss,-69,Uptrend,,,
06-09-2023,XAUUSD,Profit,403,Uptrend,,,
06-09-2023,XAUUSD,Loss,-90,Uptrend,,,
06-12-2023,XAUUSD,Profit,338,Uptrend,,,
06-16-2023,XAUUSD,Loss,-130,Uptrend,,,
06-16-2023,XAUUSD,Loss,-504,Uptrend,,,
07-04-2023,XAUUSD,Loss,-40,Uptrend,,,
07-05-2023,XAUUSD,Profit,24,Uptrend,,,
07-06-2023,XAUUSD,Profit,126,Uptrend,,,
07-07-2023,XAUUSD,Loss,-43,Uptrend,,,
07-07-2023,XAUUSD,Profit,453,Uptrend,,,
07-10-2023,XAUUSD,Profit,470,Uptrend,,,
07-11-2023,XAUUSD,Loss,-25,Uptrend,,,
07-13-2023,XAUUSD,Loss,-269,Uptrend,,,
07-14-2023,XAUUSD,Loss,-214,Uptrend,,,
07-14-2023,XAUUSD,Profit,190,Uptrend,,,
07-17-2023,XAUUSD,Loss,-274,Uptrend,,,
07-17-2023,XAUUSD,Profit,64,Uptrend,,,
07-18-2023,XAUUSD,Profit,1179,Uptrend,,,
07-19-2023,XAUUSD,Loss,-64,Uptrend,,,
07-26-2023,XAUUSD,Loss,-187,Uptrend,,,
07-27-2023,XAUUSD,Loss,-183,Uptrend,,,
07-31-2023,XAUUSD,Profit,72,Uptrend,,,
08-21-2023,XAUUSD,Profit,543,Uptrend,,,
08-22-2023,XAUUSD,Profit,311,Uptrend,,,
08-23-2023,XAUUSD,Profit,395,Uptrend,,,
08-24-2023,XAUUSD,Profit,130,Uptrend,,,
08-24-2023,XAUUSD,Loss,-206,Uptrend,,,
08-28-2023,XAUUSD,Profit,654,Uptrend,,,
08-30-2023,XAUUSD,Loss,-179,Uptrend,,,
09-01-2023,XAUUSD,Loss,-97,Uptrend,,,
09-04-2023,XAUUSD,Loss,-124,Uptrend,,,
09-11-2023,XAUUSD,Loss,-2,Uptrend,,,
09-15-2023,XAUUSD,Profit,495,Uptrend,,,
09-15-2023,XAUUSD,Loss,-79,Uptrend,,,
09-18-2023,XAUUSD,Loss,-158,Uptrend,,,
09-18-2023,XAUUSD,Profit,179,Uptrend,,,
09-19-2023,XAUUSD,Loss,-207,Uptrend,,,
09-19-2023,XAUUSD,Loss,-58,Uptrend,,,
10-10-2023,XAUUSD,Loss,-123,Uptrend,,,
10-10-2023,XAUUSD,Profit,17,Uptrend,,,
10-11-2023,XAUUSD,Profit,291,Uptrend,,,
10-13-2023,XAUUSD,Profit,217,Uptrend,,,
10-16-2023,XAUUSD,Loss,-343,Uptrend,,,
10-19-2023,XAUUSD,Loss,-207,Uptrend,,,
10-19-2023,XAUUSD,Profit,257,Uptrend,,,
10-23-2023,XAUUSD,Loss,-14,Uptrend,,,
10-25-2023,XAUUSD,Loss,-144,Uptrend,,,
10-26-2023,XAUUSD,Profit,95,Uptrend,,,
10-26-2023,XAUUSD,Profit,321,Uptrend,,,
10-30-2023,XAUUSD,Profit,46,Uptrend,,,
10-31-2023,XAUUSD,Profit,83,Uptrend,,,
11-02-2023,XAUUSD,Loss,-195,Uptrend,,,
11-06-2023,XAUUSD,Profit,65,Uptrend,,,
11-15-2023,XAUUSD,Profit,58,Uptrend,,,
11-17-2023,XAUUSD,Loss,-92,Uptrend,,,
11-21-2023,XAUUSD,Profit,449,Uptrend,,,
11-22-2023,XAUUSD,Loss,-259,Uptrend,,,
11-23-2023,XAUUSD,Loss,-75,Uptrend,,,
11-23-2023,XAUUSD,Loss,-54,Uptrend,,,
11-24-2023,XAUUSD,Profit,464,Uptrend,,,
11-27-2023,XAUUSD,Loss,-214,Uptrend,,,
11-27-2023,XAUUSD,Loss,-281,Uptrend,,,
11-28-2023,XAUUSD,Loss,-340,Uptrend,,,
11-28-2023,XAUUSD,Profit,893,Uptrend,,,
11-29-2023,XAUUSD,Loss,-244,Uptrend,,,
11-29-2023,XAUUSD,Profit,158,Uptrend,,,
12-14-2023,XAUUSD,Loss,-370,Uptrend,,,
12-15-2023,XAUUSD,Profit,118,Uptrend,,,
12-19-2023,XAUUSD,Profit,1064,Uptrend,,,
12-20-2023,XAUUSD,Profit,233,Uptrend,,,
12-20-2023,XAUUSD,Loss,-224,Uptrend,,,
12-22-2023,XAUUSD,Loss,-274,Uptrend,,,
12-22-2023,XAUUSD,Loss,-29,Uptrend,,,
12-26-2023,XAUUSD,Loss,-173,Uptrend,,,
12-27-2023,XAUUSD,Profit,501,Uptrend,,,
12-28-2023,XAUUSD,Profit,133,Uptrend,,,
01-10-2024,XAUUSD,Loss,-161,Uptrend,,,
01-10-2024,XAUUSD,Loss,-202,Uptrend,,,
01-11-2024,XAUUSD,Loss,-314,Uptrend,,,
01-12-2024,XAUUSD,Profit,629,Uptrend,,,
01-15-2024,XAUUSD,Loss,-67,Uptrend,,,
01-15-2024,XAUUSD,Profit,260,Uptrend,,,
01-22-2024,XAUUSD,Profit,13,Uptrend,,,
01-24-2024,XAUUSD,Loss,-364,Uptrend,,,
01-26-2024,XAUUSD,Loss,-161,Uptrend,,,
01-29-2024,XAUUSD,Loss,-15,Uptrend,,,
02-02-2024,XAUUSD,Loss,-78,Uptrend,,,
02-07-2024,XAUUSD,Loss,-52,Uptrend,,,
02-07-2024,XAUUSD,Profit,124,Uptrend,,,
02-13-2024,XAUUSD,Loss,-35,Uptrend,,,
02-16-2024,XAUUSD,Profit,592,Uptrend,,,
02-19-2024,XAUUSD,Profit,23,Uptrend,,,
02-20-2024,XAUUSD,Profit,38,Uptrend,,,
02-26-2024,XAUUSD,Profit,7,Uptrend,,,
02-27-2024,XAUUSD,Loss,-114,Uptrend,,,
02-27-2024,XAUUSD,Loss,-176,Uptrend,,,
03-01-2024,XAUUSD,Profit,14,Uptrend,,,
03-04-2024,XAUUSD,Loss,-72,Uptrend,,,
03-04-2024,XAUUSD,Profit,897,Uptrend,,,
03-07-2024,XAUUSD,Loss,-75,Uptrend,,,
03-07-2024,XAUUSD,Loss,-311,Uptrend,,,
03-08-2024,XAUUSD,Loss,-250,Uptrend,,,
03-11-2024,XAUUSD,Profit,178,Uptrend,,,
03-15-2024,XAUUSD,Loss,-82,Uptrend,,,
03-15-2024,XAUUSD,Loss,-149,Uptrend,,,
03-18-2024,XAUUSD,Loss,-121,Uptrend,,,
03-28-2024,XAUUSD,Profit,253,Uptrend,,,
04-01-2024,XAUUSD,Profit,133,Uptrend,,,
04-03-2024,XAUUSD,Loss,-51,Uptrend,,,
04-03-2024,XAUUSD,Profit,16,Uptrend,,,
04-09-2024,XAUUSD,Profit,512,Uptrend,,,
04-12-2024,XAUUSD,Loss,-402,Uptrend,,,
04-17-2024,XAUUSD,Profit,472,Uptrend,,,
04-17-2024,XAUUSD,Loss,-169,Uptrend,,,
04-18-2024,XAUUSD,Loss,-220,Uptrend,,,
04-26-2024,XAUUSD,Loss,-363,Uptrend,,,
04-26-2024,XAUUSD,Loss,-143,Uptrend,,,
05-06-2024,XAUUSD,Loss,-31,Uptrend,,,
05-09-2024,XAUUSD,Loss,-366,Uptrend,,,
05-10-2024,XAUUSD,Profit,1,Uptrend,,,
05-10-2024,XAUUSD,Loss,-54,Uptrend,,,
05-20-2024,XAUUSD,Profit,69,Uptrend,,,
05-21-2024,XAUUSD,Loss,-24,Uptrend,,,
06-06-2024,XAUUSD,Profit,1023,Uptrend,,,
06-14-2024,XAUUSD,Loss,-113,Uptrend,,,
06-14-2024,XAUUSD,Loss,-350,Uptrend,,,
06-19-2024,XAUUSD,Loss,-211,Uptrend,,,
06-21-2024,XAUUSD,Loss,-343,Uptrend,,,
06-21-2024,XAUUSD,Loss,-490,Uptrend,,,
06-28-2024,XAUUSD,Loss,-395,Uptrend,,,
07-01-2024,XAUUSD,Loss,-58,Uptrend,,,
07-01-2024,XAUUSD,Profit,143,Uptrend,,,
07-03-2024,XAUUSD,Loss,-338,Uptrend,,,
07-05-2024,XAUUSD,Loss,-133,Uptrend,,,
07-05-2024,XAUUSD,Profit,56,Uptrend,,,
07-08-2024,XAUUSD,Loss,-217,Uptrend,,,
07-10-2024,XAUUSD,Profit,240,Uptrend,,,
07-10-2024,XAUUSD,Loss,-161,Uptrend,,,
07-11-2024,XAUUSD,Profit,365,Uptrend,,,
07-12-2024,XAUUSD,Profit,507,Uptrend,,,
07-16-2024,XAUUSD,Profit,563,Uptrend,,,
07-17-2024,XAUUSD,Loss,-174,Uptrend,,,
07-18-2024,XAUUSD,Loss,-234,Uptrend,,,
07-23-2024,XAUUSD,Loss,-126,Uptrend,,,
08-09-2024,XAUUSD,Loss,-114,Uptrend,,,
08-13-2024,XAUUSD,Loss,-35,Uptrend,,,
08-13-2024,XAUUSD,Loss,-208,Uptrend,,,
08-19-2024,XAUUSD,Loss,-48,Uptrend,,,
08-20-2024,XAUUSD,Loss,-252,Uptrend,,,
08-26-2024,XAUUSD,Loss,-125,Uptrend,,,
08-29-2024,XAUUSD,Loss,-133,Uptrend,,,
09-05-2024,XAUUSD,Loss,-334,Uptrend,,,
09-10-2024,XAUUSD,Profit,594,Uptrend,,,
09-11-2024,XAUUSD,Profit,117,Uptrend,,,
09-12-2024,XAUUSD,Loss,-149,Uptrend,,,
09-13-2024,XAUUSD,Profit,276,Uptrend,,,
09-16-2024,XAUUSD,Loss,-308,Uptrend,,,
09-16-2024,XAUUSD,Profit,98,Uptrend,,,
09-17-2024,XAUUSD,Loss,-484,Uptrend,,,
09-17-2024,XAUUSD,Loss,-405,Uptrend,,,
09-19-2024,XAUUSD,Loss,-89,Uptrend,,,
09-23-2024,XAUUSD,Loss,-294,Uptrend,,,
10-01-2024,XAUUSD,Profit,1040,Uptrend,,,
10-07-2024,XAUUSD,Profit,244,Uptrend,,,
10-08-2024,XAUUSD,Profit,124,Uptrend,,,
10-11-2024,XAUUSD,Loss,-183,Uptrend,,,
10-14-2024,XAUUSD,Profit,401,Uptrend,,,
10-14-2024,XAUUSD,Loss,-211,Uptrend,,,
10-16-2024,XAUUSD,Loss,-372,Uptrend,,,
10-16-2024,XAUUSD,Loss,-249,Uptrend,,,
10-17-2024,XAUUSD,Loss,-116,Uptrend,,,
10-21-2024,XAUUSD,Loss,-345,Uptrend,,,
10-24-2024,XAUUSD,Loss,-397,Uptrend,,,
10-29-2024,XAUUSD,Loss,-70,Uptrend,,,
10-29-2024,XAUUSD,Profit,270,Uptrend,,,
10-30-2024,XAUUSD,Profit,484,Uptrend,,,
10-31-2024,XAUUSD,Profit,53,Uptrend,,,
11-05-2024,XAUUSD,Profit,526,Uptrend,,,
11-05-2024,XAUUSD,Profit,216,Uptrend,,,
11-18-2024,XAUUSD,Profit,511,Uptrend,,,
11-19-2024,XAUUSD,Loss,-459,Uptrend,,,
11-21-2024,XAUUSD,Loss,-172,Uptrend,,,
11-21-2024,XAUUSD,Loss,-116,Uptrend,,,
11-27-2024,XAUUSD,Profit,51,Uptrend,,,
11-27-2024,XAUUSD,Loss,-327,Uptrend,,,
11-29-2024,XAUUSD,Loss,-184,Uptrend,,,
12-03-2024,XAUUSD,Profit,698,Uptrend,,,
12-04-2024,XAUUSD,Loss,-292,Uptrend,,,
12-05-2024,XAUUSD,Loss,-42,Uptrend,,,
12-11-2024,XAUUSD,Loss,-229,Uptrend,,,
12-11-2024,XAUUSD,Profit,162,Uptrend,,,
12-11-2024,XAUUSD,Profit,913,Uptrend,,,
12-26-2024,XAUUSD,Profit,834,Uptrend,,,
12-27-2024,XAUUSD,Loss,-122,Uptrend,,,
01-03-2025,XAUUSD,Loss,-290,Uptrend,,,
01-09-2025,XAUUSD,Loss,-58,Uptrend,,,
01-09-2025,XAUUSD,Loss,-198,Uptrend,,,
01-10-2025,XAUUSD,Loss,-344,Uptrend,,,
01-15-2025,XAUUSD,Loss,-276,Uptrend,,,
01-16-2025,XAUUSD,Profit,690,Uptrend,,,
01-16-2025,XAUUSD,Loss,-327,Uptrend,,,
01-17-2025,XAUUSD,Profit,363,Uptrend,,,
01-17-2025,XAUUSD,Profit,59,Uptrend,,,
01-21-2025,XAUUSD,Profit,447,Uptrend,,,
01-21-2025,XAUUSD,Profit,178,Uptrend,,,
01-22-2025,XAUUSD,Loss,-365,Uptrend,,,
01-23-2025,XAUUSD,Loss,-12,Uptrend,,,
01-24-2025,XAUUSD,Profit,191,Uptrend,,,
01-29-2025,XAUUSD,Profit,73,Uptrend,,,
01-29-2025,XAUUSD,Loss,-57,Uptrend,,,
01-30-2025,XAUUSD,Profit,198,Uptrend,,,
01-31-2025,XAUUSD,Loss,-119,Uptrend,,,
02-03-2025,XAUUSD,Profit,1008,Uptrend,,,
02-06-2025,XAUUSD,Loss,-175,Uptrend,,,
02-18-2025,XAUUSD,Profit,287,Uptrend,,,
02-18-2025,XAUUSD,Loss,-212,Uptrend,,,
02-19-2025,XAUUSD,Loss,-317,Uptrend,,,
02-19-2025,XAUUSD,Loss,-246,Uptrend,,,
02-19-2025,XAUUSD,Loss,-433,Uptrend,,,
02-20-2025,XAUUSD,Loss,-207,Uptrend,,,
02-20-2025,XAUUSD,Loss,-371,Uptrend,,,
02-20-2025,XAUUSD,Loss,-251,Uptrend,,,
03-03-2025,XAUUSD,Profit,388,Uptrend,,,
03-04-2025,XAUUSD,Loss,-332,Uptrend,,,
03-11-2025,XAUUSD,Loss,-355,Uptrend,,,
03-11-2025,XAUUSD,Loss,-374,Uptrend,,,
03-17-2025,XAUUSD,Profit,468,Uptrend,,,
03-25-2025,XAUUSD,Profit,554,Uptrend,,,
03-26-2025,XAUUSD,Loss,-126,Uptrend,,,
03-26-2025,XAUUSD,Loss,-256,Uptrend,,,
04-01-2025,XAUUSD,Loss,-402,Uptrend,,,
04-01-2025,XAUUSD,Loss,-460,Uptrend,,,
05-05-2025,XAUUSD,Loss,-415,Uptrend,,,
05-07-2025,XAUUSD,Loss,-433,Uptrend,,,
05-29-2025,XAUUSD,Loss,-98,Uptrend,,,
06-03-2025,XAUUSD,Loss,-215,Uptrend,,,
06-10-2025,XAUUSD,Profit,399,Uptrend,,,
06-10-2025,XAUUSD,Loss,-414,Uptrend,,,
07-01-2025,XAUUSD,Loss,-315,Uptrend,,,
07-03-2025,XAUUSD,Loss,-73,Uptrend,,,
07-10-2025,XAUUSD,Loss,-120,Uptrend,,,
07-12-2025,XAUUSD,Loss,-28,Uptrend,,,
07-23-2025,XAUUSD,Loss,-202,Uptrend,,,
07-30-2025,XAUUSD,Loss,-18,Uptrend,,,
08-07-2025,XAUUSD,Profit,93,Uptrend,,,
08-07-2025,XAUUSD,Profit,93,Uptrend,,,
08-13-2025,XAUUSD,Profit,546,Uptrend,,,
08-18-2025,XAUUSD,Loss,-152,Uptrend,,,
08-18-2025,XAUUSD,Profit,93,Uptrend,,,
08-20-2025,XAUUSD,Loss,-84,Uptrend,,,
08-20-2025,XAUUSD,Loss,-241,Uptrend,,,
08-20-2025,XAUUSD,Profit,539,Uptrend,,,
08-25-2025,XAUUSD,Loss,-28,Uptrend,,,
08-25-2025,XAUUSD,Loss,-109,Uptrend,,,
08-26-2025,XAUUSD,Profit,84,Uptrend,,,
08-27-2025,XAUUSD,Profit,207,Uptrend,,,
08-27-2025,XAUUSD,Profit,53,Uptrend,,,
08-28-2025,XAUUSD,Profit,83,Uptrend,,,
08-28-2025,XAUUSD,Profit,760,Uptrend,,,
08-29-2025,XAUUSD,Profit,1422,Uptrend,,,
08-29-2025,XAUUSD,Loss,-29,Uptrend,,,
09-01-2025,XAUUSD,Profit,64,Uptrend,,,
09-02-2025,XAUUSD,Loss,-222,Uptrend,,,
09-02-2025,XAUUSD,Loss,-285,Uptrend,,,
09-04-2025,XAUUSD,Profit,654,Uptrend,,,
09-04-2025,XAUUSD,Profit,34,Uptrend,,,
09-10-2025,XAUUSD,Profit,52,Uptrend,,,
09-12-2025,XAUUSD,Loss,-50,Uptrend,,,
09-12-2025,XAUUSD,Loss,-117,Uptrend,,,
09-12-2025,XAUUSD,Loss,-48,Uptrend,,,
09-16-2025,XAUUSD,Loss,-14,Uptrend,,,
09-16-2025,XAUUSD,Loss,-154,Uptrend,,,
09-16-2025,XAUUSD,Profit,203,Uptrend,,,
09-22-2025,XAUUSD,Profit,1640,Uptrend,,,
09-23-2025,XAUUSD,Loss,-465,Uptrend,,,
09-23-2025,XAUUSD,Profit,740,Uptrend,,,
09-26-2025,XAUUSD,Loss,-93,Uptrend,,,
09-27-2025,XAUUSD,Loss,-76,Uptrend,,,
09-29-2025,XAUUSD,Profit,717,Uptrend,,,
10-01-2025,XAUUSD,Loss,-131,Uptrend,,,
10-03-2025,XAUUSD,Profit,250,Uptrend,,,
10-13-2025,XAUUSD,Loss,-260,Uptrend,,,
10-13-2025,XAUUSD,Profit,548,Uptrend,,,
